NORTH CAROLINA,37,BRUNSWICK,019
VIRGINIA,51,LOUDOUN,107
MARYLAND,24,CALVERT,009
IDAHO,16,WASHINGTON,087
NORTH CAROLINA,37,SAMPSON,163
MISSOURI,29,GRUNDY,079
OHIO,39,WOOD,173
NEW YORK,36,MONROE,055
ARKANSAS,05,MONROE,095
KANSAS,20,MEADE,119
INDIANA,18,KOSCIUSKO,085
ILLINOIS,17,KENDALL,093
INDIANA,18,PARKE,121
ILLINOIS,17,WHITESIDE,195
ALABAMA,01,BALDWIN,003
NEBRASKA,31,ROCK,149
ILLINOIS,17,JACKSON,077
VIRGINIA,51,RICHMOND,159
NORTH CAROLINA,37,PERQUIMANS,143
KENTUCKY,21,FULTON,075
MICHIGAN,26,VAN BUREN,159
PENNSYLVANIA,42,NORTHUMBERLAND,097
CALIFORNIA,06,COLUSA,011
ARKANSAS,05,SAINT FRANCIS,123
NEBRASKA,31,GREELEY,077
KENTUCKY,21,HART,099
KANSAS,20,WILSON,205
ILLINOIS,17,CARROLL,015
KANSAS,20,MORRIS,127
NEBRASKA,31,FRANKLIN,061
KANSAS,20,REPUBLIC,157
NEBRASKA,31,BOYD,015
ILLINOIS,17,JO DAVIESS,085
KANSAS,20,KIOWA,097
MISSOURI,29,ST LOUIS,189
ILLINOIS,17,HENDERSON,071
KENTUCKY,21,HARDIN,093
OHIO,39,FAIRFIELD,045
PENNSYLVANIA,42,TIOGA,117
MINNESOTA,27,WASECA,161
NEBRASKA,31,SCOTTS BLUFF,157
SOUTH CAROLINA,45,CALHOUN,017
ILLINOIS,17,HENRY,073
MINNESOTA,27,LAC QUI PARLE,073
NORTH CAROLINA,37,LENOIR,107
MISSISSIPPI,28,ALCORN,003
MISSISSIPPI,28,CHICKASAW,017
VIRGINIA,51,PITTSYLVANIA,143
MISSOURI,29,BOLLINGER,017
ILLINOIS,17,COLES,029
MISSOURI,29,LINCOLN,113
NORTH DAKOTA,38,GRIGGS,039
TEXAS,48,HALE,189
ILLINOIS,17,MOULTRIE,139
IOWA,19,WORTH,195
SOUTH DAKOTA,46,LINCOLN,083
WISCONSIN,55,WAUSHARA,137
TEXAS,48,FLOYD,153
IOWA,19,CALHOUN,025
KENTUCKY,21,LINCOLN,137
KANSAS,20,RENO,155
KENTUCKY,21,BUTLER,031
IOWA,19,LYON,119
VIRGINIA,51,FAUQUIER,061
IOWA,19,LUCAS,117
INDIANA,18,STEUBEN,151
TEXAS,48,ROBERTSON,395
IOWA,19,JOHNSON,103
GEORGIA,13,THOMAS,275
TENNESSEE,47,CHESTER,023
IOWA,19,FREMONT,071
INDIANA,18,HENRY,065
OREGON,41,MALHEUR,045
NEBRASKA,31,NANCE,125
TENNESSEE,47,GIBSON,053
PENNSYLVANIA,42,PERRY,099
MINNESOTA,27,MEEKER,093
ARKANSAS,05,GREENE,055
SOUTH DAKOTA,46,MOODY,101
TEXAS,48,FRIO,163
KANSAS,20,NORTON,137
INDIANA,18,ORANGE,117
GEORGIA,13,RANDOLPH,243
KANSAS,20,SCOTT,171
OHIO,39,PUTNAM,137
NEBRASKA,31,MERRICK,121
NEBRASKA,31,WASHINGTON,177
TEXAS,48,ZAVALA,507
NEBRASKA,31,CUSTER,041
MISSOURI,29,DAVIESS,061
OKLAHOMA,40,WAGONER,145
TEXAS,48,GUADALUPE,187
MISSOURI,29,BUTLER,023
TENNESSEE,47,FRANKLIN,051
PENNSYLVANIA,42,LEHIGH,077
SOUTH DAKOTA,46,KINGSBURY,077
NORTH CAROLINA,37,CATAWBA,035
TEXAS,48,HILL,217
MINNESOTA,27,WATONWAN,165
MICHIGAN,26,HURON,063
ILLINOIS,17,PIATT,147
WISCONSIN,55,MANITOWOC,071
KENTUCKY,21,HANCOCK,091
WISCONSIN,55,LAFAYETTE,065
ARKANSAS,05,MILLER,091
MISSOURI,29,DUNKLIN,069
SOUTH DAKOTA,46,MINER,097
KANSAS,20,CRAWFORD,037
SOUTH DAKOTA,46,BENNETT,007
ILLINOIS,17,WINNEBAGO,201
INDIANA,18,STARKE,149
COLORADO,08,LOGAN,075
MICHIGAN,26,MASON,105
KANSAS,20,JEWELL,089
OHIO,39,SANDUSKY,143
OKLAHOMA,40,OTTAWA,115
MISSOURI,29,BATES,013
OHIO,39,PORTAGE,133
INDIANA,18,LAGRANGE,087
MISSISSIPPI,28,HUMPHREYS,053
NORTH CAROLINA,37,ALAMANCE,001
NEW YORK,36,OTSEGO,077
ILLINOIS,17,KANE,089
OHIO,39,CRAWFORD,033
NORTH DAKOTA,38,LOGAN,047
MARYLAND,24,CARROLL,013
KANSAS,20,HASKELL,081
KANSAS,20,STAFFORD,185
MISSISSIPPI,28,MADISON,089
WISCONSIN,55,RUSK,107
COLORADO,08,PUEBLO,101
OHIO,39,MORGAN,115
MINNESOTA,27,LYON,083
ARKANSAS,05,DREW,043
TENNESSEE,47,LAKE,095
OKLAHOMA,40,BEAVER,007
TEXAS,48,JIM WELLS,249
IOWA,19,WEBSTER,187
IOWA,19,UNION,175
SOUTH CAROLINA,45,FLORENCE,041
INDIANA,18,KNOX,083
NORTH CAROLINA,37,COLUMBUS,047
KANSAS,20,MONTGOMERY,125
TENNESSEE,47,HENRY,079
NEBRASKA,31,PHELPS,137
MISSOURI,29,MARION,127
NEBRASKA,31,POLK,143
WISCONSIN,55,WAUPACA,135
MARYLAND,24,QUEEN ANNES,035
COLORADO,08,MORGAN,087
OHIO,39,HOLMES,075
PENNSYLVANIA,42,BRADFORD,015
KENTUCKY,21,DAVIESS,059
MISSOURI,29,CASS,037
OHIO,39,OTTAWA,123
NEBRASKA,31,KEYA PAHA,103
TEXAS,48,CARSON,065
MICHIGAN,26,MACOMB,099
WISCONSIN,55,COLUMBIA,021
KANSAS,20,RILEY,161
INDIANA,18,MARTIN,101
PENNSYLVANIA,42,BLAIR,013
WISCONSIN,55,WASHINGTON,131
IOWA,19,STORY,169
NORTH CAROLINA,37,ROBESON,155
KANSAS,20,FORD,057
NEBRASKA,31,NEMAHA,127
MISSOURI,29,MONITEAU,135
GEORGIA,13,WASHINGTON,303
OKLAHOMA,40,KAY,071
IOWA,19,BUENA VISTA,021
SOUTH DAKOTA,46,BROOKINGS,011
OHIO,39,MERCER,107
PENNSYLVANIA,42,HUNTINGDON,061
TEXAS,48,BOWIE,037
LOUISIANA,22,CATAHOULA,025
NEBRASKA,31,ADAMS,001
MISSOURI,29,RANDOLPH,175
WISCONSIN,55,PIERCE,093
VIRGINIA,51,WESTMORELAND,193
KANSAS,20,ALLEN,001
ILLINOIS,17,WASHINGTON,189
MISSOURI,29,SHELBY,205
NORTH DAKOTA,38,SARGENT,081
OHIO,39,MONTGOMERY,113
NEBRASKA,31,RICHARDSON,147
LOUISIANA,22,RED RIVER,081
MARYLAND,24,WASHINGTON,043
IOWA,19,SHELBY,165
GEORGIA,13,JEFFERSON,163
KANSAS,20,GRAHAM,065
KANSAS,20,NEOSHO,133
OHIO,39,SHELBY,149
INDIANA,18,WHITLEY,183
MICHIGAN,26,BARRY,015
KANSAS,20,MIAMI,121
MISSOURI,29,MONROE,137
MINNESOTA,27,RENVILLE,129
KENTUCKY,21,LARUE,123
OHIO,39,FULTON,051
NEW YORK,36,ONTARIO,069
SOUTH DAKOTA,46,OGLALA LAKOTA,102
TEXAS,48,REFUGIO,391
KANSAS,20,GREELEY,071
NEBRASKA,31,HALL,079
PENNSYLVANIA,42,MIFFLIN,087
WISCONSIN,55,PORTAGE,097
GEORGIA,13,IRWIN,155
KENTUCKY,21,ALLEN,003
INDIANA,18,GRANT,053
ILLINOIS,17,WAYNE,191
KANSAS,20,CHAUTAUQUA,019
MINNESOTA,27,STEVENS,149
IOWA,19,CARROLL,027
CALIFORNIA,06,MERCED,047
ILLINOIS,17,MASSAC,127
PENNSYLVANIA,42,UNION,119
WISCONSIN,55,DANE,025
SOUTH CAROLINA,45,BARNWELL,011
CALIFORNIA,06,MADERA,039
MINNESOTA,27,COTTONWOOD,033
ILLINOIS,17,STARK,175
INDIANA,18,SHELBY,145
OHIO,39,CHAMPAIGN,021
MICHIGAN,26,GLADWIN,051
WISCONSIN,55,GREEN LAKE,047
SOUTH CAROLINA,45,SUMTER,085
OHIO,39,ALLEN,003
KANSAS,20,CLOUD,029
KENTUCKY,21,RUSSELL,207
TEXAS,48,TRAVIS,453
GEORGIA,13,EARLY,099
MISSOURI,29,SCHUYLER,197
WISCONSIN,55,CALUMET,015
SOUTH CAROLINA,45,CHESTERFIELD,025
MISSOURI,29,RAY,177
PENNSYLVANIA,42,BEDFORD,009
ILLINOIS,17,TAZEWELL,179
WISCONSIN,55,WALWORTH,127
NORTH CAROLINA,37,IREDELL,097
NEBRASKA,31,JEFFERSON,095
MARYLAND,24,TALBOT,041
MINNESOTA,27,WINONA,169
KANSAS,20,HARVEY,079
ALABAMA,01,DE KALB,049
KENTUCKY,21,MUHLENBERG,177
KENTUCKY,21,MARSHALL,157
ILLINOIS,17,IROQUOIS,075
KANSAS,20,TREGO,195
SOUTH DAKOTA,46,JERAULD,073
OHIO,39,STARK,151
ILLINOIS,17,GREENE,061
MINNESOTA,27,REDWOOD,127
MARYLAND,24,BALTIMORE,005
MISSOURI,29,MACON,121
INDIANA,18,CLAY,021
ILLINOIS,17,CLINTON,027
MISSISSIPPI,28,PANOLA,107
TEXAS,48,JACKSON,239
NORTH CAROLINA,37,HOKE,093
KENTUCKY,21,LOGAN,141
SOUTH DAKOTA,46,BUTTE,019
MISSISSIPPI,28,BENTON,009
TEXAS,48,MATAGORDA,321
PENNSYLVANIA,42,CLARION,031
SOUTH DAKOTA,46,HUGHES,065
TENNESSEE,47,WARREN,177
KENTUCKY,21,MCLEAN,149
WISCONSIN,55,LA CROSSE,063
NEBRASKA,31,HOWARD,093
NEW YORK,36,ONONDAGA,067
KENTUCKY,21,SHELBY,211
KENTUCKY,21,BALLARD,007
TEXAS,48,HANSFORD,195
INDIANA,18,CARROLL,015
MISSISSIPPI,28,QUITMAN,119
GEORGIA,13,BAKER,007
INDIANA,18,CLARK,019
ILLINOIS,17,JERSEY,083
NORTH DAKOTA,38,TRAILL,097
ILLINOIS,17,MARION,121
ILLINOIS,17,MONTGOMERY,135
ILLINOIS,17,JOHNSON,087
MINNESOTA,27,YELLOW MEDICINE,173
SOUTH CAROLINA,45,MARION,067
TENNESSEE,47,HARDIN,071
MICHIGAN,26,CALHOUN,025
ILLINOIS,17,MARSHALL,123
KANSAS,20,MORTON,129
NEBRASKA,31,THURSTON,173
PENNSYLVANIA,42,LAWRENCE,073
NEW YORK,36,ONEIDA,065
ILLINOIS,17,VERMILION,183
IOWA,19,KEOKUK,107
INDIANA,18,DELAWARE,035
NORTH CAROLINA,37,PENDER,141
VIRGINIA,51,GLOUCESTER,073
MARYLAND,24,WICOMICO,045
GEORGIA,13,MITCHELL,205
KANSAS,20,KINGMAN,095
NEW YORK,36,ST LAWRENCE,089
ARKANSAS,05,LAWRENCE,075
NEW YORK,36,YATES,123
PENNSYLVANIA,42,NORTHAMPTON,095
NORTH CAROLINA,37,CARTERET,031
IOWA,19,BENTON,011
ARKANSAS,05,JACKSON,067
NEBRASKA,31,FURNAS,065
KANSAS,20,EDWARDS,047
SOUTH CAROLINA,45,DILLON,033
INDIANA,18,RUSH,139
INDIANA,18,SPENCER,147
INDIANA,18,WHITE,181
NORTH CAROLINA,37,CLEVELAND,045
ALABAMA,01,CULLMAN,043
NORTH CAROLINA,37,GUILFORD,081
MARYLAND,24,KENT,029
KENTUCKY,21,MASON,161
OHIO,39,PREBLE,135
SOUTH DAKOTA,46,GRANT,051
TEXAS,48,SWISHER,437
OHIO,39,GREENE,057
GEORGIA,13,GORDON,129
NEBRASKA,31,SEWARD,159
ALABAMA,01,LIMESTONE,083
INDIANA,18,SWITZERLAND,155
NEBRASKA,31,WHEELER,183
IOWA,19,MONONA,133
TEXAS,48,JOHNSON,251
NEBRASKA,31,BURT,021
TENNESSEE,47,GREENE,059
LOUISIANA,22,CADDO,017
NEW YORK,36,DUTCHESS,027
TEXAS,48,NAVARRO,349
SOUTH CAROLINA,45,LEXINGTON,063
TENNESSEE,47,MARSHALL,117
KANSAS,20,STEVENS,189
ILLINOIS,17,MASON,125
NEW YORK,36,SENECA,099
OHIO,39,MAHONING,099
NEBRASKA,31,BROWN,017
NEBRASKA,31,OTOE,131
WISCONSIN,55,GREEN,045
MISSOURI,29,AUDRAIN,007
INDIANA,18,TIPPECANOE,157
TEXAS,48,DEAF SMITH,117
MINNESOTA,27,WASHINGTON,163
MICHIGAN,26,OGEMAW,129
IOWA,19,POTTAWATTAMIE,155
IOWA,19,DES MOINES,057
MISSOURI,29,PEMISCOT,155
TEXAS,48,BELL,027
ILLINOIS,17,ROCK ISLAND,161
ILLINOIS,17,PERRY,145
TEXAS,48,BRISCOE,045
MARYLAND,24,HOWARD,027
KENTUCKY,21,BRECKINRIDGE,027
ILLINOIS,17,LIVINGSTON,105
TEXAS,48,GRAYSON,181
SOUTH CAROLINA,45,ALLENDALE,005
WISCONSIN,55,OUTAGAMIE,087
SOUTH DAKOTA,46,CAMPBELL,021
OHIO,39,CLARK,023
SOUTH DAKOTA,46,MARSHALL,091
KANSAS,20,PHILLIPS,147
MINNESOTA,27,CHIPPEWA,023
NORTH CAROLINA,37,GREENE,079
CALIFORNIA,06,SACRAMENTO,067
ILLINOIS,17,LOGAN,107
NEBRASKA,31,MORRILL,123
IOWA,19,MILLS,129
SOUTH CAROLINA,45,HORRY,051
MARYLAND,24,DORCHESTER,019
ARKANSAS,05,LEE,077
TENNESSEE,47,MCMINN,107
SOUTH DAKOTA,46,SPINK,115
NEBRASKA,31,DIXON,051
NEBRASKA,31,CUMING,039
IOWA,19,POCAHONTAS,151
OHIO,39,LORAIN,093
NEBRASKA,31,CHASE,029
ILLINOIS,17,EDWARDS,047
MINNESOTA,27,BECKER,005
OHIO,39,WASHINGTON,167
KANSAS,20,WASHINGTON,201
OHIO,39,WAYNE,169
TEXAS,48,CALDWELL,055
MICHIGAN,26,OTTAWA,139
MICHIGAN,26,SHIAWASSEE,155
TEXAS,48,UVALDE,463
KENTUCKY,21,GREEN,087
ILLINOIS,17,SCHUYLER,169
MISSOURI,29,SALINE,195
IOWA,19,WASHINGTON,183
MARYLAND,24,WORCESTER,047
NORTH CAROLINA,37,GATES,073
IOWA,19,MONTGOMERY,137
IOWA,19,CLAY,041
TENNESSEE,47,MADISON,113
NEW YORK,36,ALLEGANY,003
MISSOURI,29,MISSISSIPPI,133
TEXAS,48,COLLIN,085
MISSISSIPPI,28,BOLIVAR,011
OHIO,39,ROSS,141
KENTUCKY,21,GRAYSON,085
WISCONSIN,55,LANGLADE,067
MINNESOTA,27,SIBLEY,143
INDIANA,18,DE KALB,033
NEBRASKA,31,CHEYENNE,033
LOUISIANA,22,OUACHITA,073
IOWA,19,CEDAR,031
KANSAS,20,GREENWOOD,073
MISSOURI,29,NODAWAY,147
INDIANA,18,VIGO,167
SOUTH DAKOTA,46,CHARLES MIX,023
OHIO,39,MEDINA,103
SOUTH DAKOTA,46,TURNER,125
MISSISSIPPI,28,MONROE,095
NORTH DAKOTA,38,BARNES,003
KANSAS,20,FINNEY,055
IOWA,19,WARREN,181
MISSISSIPPI,28,TATE,137
NEW YORK,36,CORTLAND,023
NEBRASKA,31,DAKOTA,043
SOUTH DAKOTA,46,HAMLIN,057
PENNSYLVANIA,42,JUNIATA,067
ILLINOIS,17,RICHLAND,159
IOWA,19,JASPER,099
NORTH DAKOTA,38,LA MOURE,045
NEBRASKA,31,HAMILTON,081
KANSAS,20,LOGAN,109
NEW YORK,36,ERIE,029
MINNESOTA,27,FARIBAULT,043
KENTUCKY,21,SIMPSON,213
KENTUCKY,21,EDMONSON,061
MINNESOTA,27,ROCK,133
ILLINOIS,17,WHITE,193
OHIO,39,PAULDING,125
GEORGIA,13,BROOKS,027
TENNESSEE,47,LAUDERDALE,097
NEW YORK,36,CHENANGO,017
SOUTH DAKOTA,46,UNION,127
IDAHO,16,ELMORE,039
INDIANA,18,VANDERBURGH,163
NORTH CAROLINA,37,BERTIE,015
ARKANSAS,05,RANDOLPH,121
ILLINOIS,17,WABASH,185
SOUTH DAKOTA,46,MCPHERSON,089
NORTH CAROLINA,37,NASH,127
NEBRASKA,31,SHERIDAN,161
TEXAS,48,HARTLEY,205
INDIANA,18,HUNTINGTON,069
NORTH DAKOTA,38,STUTSMAN,093
MARYLAND,24,FREDERICK,021
ARKANSAS,05,LONOKE,085
KENTUCKY,21,MERCER,167
SOUTH DAKOTA,46,CODINGTON,029
ILLINOIS,17,WILL,197
PENNSYLVANIA,42,SNYDER,109
VIRGINIA,51,SUFFOLK CITY,800
ALABAMA,01,JACKSON,071
VIRGINIA,51,AUGUSTA,015
SOUTH CAROLINA,45,RICHLAND,079
TEXAS,48,KARNES,255
INDIANA,18,JASPER,073
MISSISSIPPI,28,CALHOUN,013
COLORADO,08,OTERO,089
OHIO,39,HIGHLAND,071
KANSAS,20,NEMAHA,131
TENNESSEE,47,CARROLL,017
NORTH CAROLINA,37,LINCOLN,109
MICHIGAN,26,ARENAC,011
VIRGINIA,51,MIDDLESEX,119
NEBRASKA,31,DAWSON,047
KENTUCKY,21,CALDWELL,033
COLORADO,08,CHEYENNE,017
OKLAHOMA,40,MCCURTAIN,089
NEBRASKA,31,PIERCE,139
IOWA,19,FRANKLIN,069
MISSISSIPPI,28,LEE,081
NEW JERSEY,34,CUMBERLAND,011
NEBRASKA,31,RED WILLOW,145
KANSAS,20,DOUGLAS,045
TEXAS,48,HUNT,231
KENTUCKY,21,WASHINGTON,229
WISCONSIN,55,ST CROIX,109
MISSOURI,29,ST CLAIR,185
SOUTH DAKOTA,46,BON HOMME,009
WISCONSIN,55,SHAWANO,115
NORTH CAROLINA,37,ANSON,007
KENTUCKY,21,TODD,219
MINNESOTA,27,DODGE,039
NEBRASKA,31,DUNDY,057
MINNESOTA,27,WABASHA,157
TEXAS,48,CAMERON,061
TENNESSEE,47,MACON,111
TENNESSEE,47,WILLIAMSON,187
NORTH DAKOTA,38,ADAMS,001
KANSAS,20,BARTON,009
OHIO,39,CLINTON,027
NEW JERSEY,34,SALEM,033
ALABAMA,01,MORGAN,103
SOUTH CAROLINA,45,COLLETON,029
ILLINOIS,17,MCHENRY,111
TENNESSEE,47,CROCKETT,033
MISSOURI,29,ANDREW,003
NEBRASKA,31,LOGAN,113
IOWA,19,GRUNDY,075
MISSISSIPPI,28,LOWNDES,087
MISSOURI,29,JEFFERSON,099
TEXAS,48,LAMB,279
WISCONSIN,55,POLK,095
GEORGIA,13,TATTNALL,267
ALABAMA,01,LAUDERDALE,077
ILLINOIS,17,EDGAR,045
INDIANA,18,NEWTON,111
MINNESOTA,27,WILKIN,167
ILLINOIS,17,CALHOUN,013
WISCONSIN,55,EAU CLAIRE,035
WISCONSIN,55,RACINE,101
NORTH CAROLINA,37,HALIFAX,083
SOUTH DAKOTA,46,WALWORTH,129
NEBRASKA,31,JOHNSON,097
NORTH CAROLINA,37,WILSON,195
MISSISSIPPI,28,WASHINGTON,151
WISCONSIN,55,CRAWFORD,023
NORTH CAROLINA,37,CUMBERLAND,051
PENNSYLVANIA,42,INDIANA,063
OHIO,39,VAN WERT,161
CALIFORNIA,06,YOLO,113
OKLAHOMA,40,GARVIN,049
INDIANA,18,RIPLEY,137
SOUTH DAKOTA,46,MCCOOK,087
IOWA,19,MUSCATINE,139
MINNESOTA,27,SCOTT,139
IOWA,19,DELAWARE,055
NEW YORK,36,TOMPKINS,109
MICHIGAN,26,MUSKEGON,121
KENTUCKY,21,CLARK,049
SOUTH DAKOTA,46,POTTER,107
VIRGINIA,51,MECKLENBURG,117
MISSOURI,29,MERCER,129
NORTH DAKOTA,38,RICHLAND,077
IOWA,19,ADAMS,003
OHIO,39,TUSCARAWAS,157
ILLINOIS,17,MERCER,131
TEXAS,48,ELLIS,139
NEBRASKA,31,DAWES,045
ILLINOIS,17,ADAMS,001
ILLINOIS,17,KNOX,095
NORTH CAROLINA,37,HERTFORD,091
KANSAS,20,LEAVENWORTH,103
VIRGINIA,51,ACCOMACK,001
MINNESOTA,27,PIPESTONE,117
WISCONSIN,55,LINCOLN,069
PENNSYLVANIA,42,VENANGO,121
WISCONSIN,55,MONROE,081
ILLINOIS,17,PIKE,149
NORTH DAKOTA,38,WELLS,103
ALABAMA,01,MADISON,089
NEBRASKA,31,PAWNEE,133
INDIANA,18,FRANKLIN,047
IOWA,19,WAPELLO,179
KENTUCKY,21,PULASKI,199
IOWA,19,MARSHALL,127
NORTH DAKOTA,38,STEELE,091
MISSOURI,29,CLINTON,049
ARKANSAS,05,LAFAYETTE,073
ARKANSAS,05,CHICOT,017
MISSOURI,29,STE GENEVIEVE,186
KENTUCKY,21,HENDERSON,101
NEBRASKA,31,SALINE,151
TEXAS,48,TOM GREEN,451
MISSOURI,29,SCOTT,201
KANSAS,20,GEARY,061
SOUTH DAKOTA,46,EDMUNDS,045
MISSISSIPPI,28,ISSAQUENA,055
NEBRASKA,31,PLATTE,141
OHIO,39,HURON,077
OHIO,39,PIKE,131
ALABAMA,01,GENEVA,061
PENNSYLVANIA,42,MERCER,085
MISSOURI,29,ATCHISON,005
SOUTH CAROLINA,45,ORANGEBURG,075
COLORADO,08,PROWERS,099
NORTH CAROLINA,37,JOHNSTON,101
NEW YORK,36,ORLEANS,073
MICHIGAN,26,LAPEER,087
WISCONSIN,55,JUNEAU,057
INDIANA,18,GREENE,055
ILLINOIS,17,HAMILTON,065
ARKANSAS,05,PRAIRIE,117
IDAHO,16,TWIN FALLS,083
INDIANA,18,HANCOCK,059
MISSOURI,29,RALLS,173
WISCONSIN,55,CLARK,019
WISCONSIN,55,MARINETTE,075
KENTUCKY,21,OHIO,183
IOWA,19,IOWA,095
SOUTH DAKOTA,46,TODD,121
NEBRASKA,31,BUTLER,023
MISSOURI,29,JACKSON,095
MISSOURI,29,ST CHARLES,183
OHIO,39,COLUMBIANA,029
MARYLAND,24,SOMERSET,039
KENTUCKY,21,CALLOWAY,035
IOWA,19,HARRISON,085
KANSAS,20,SMITH,183
KENTUCKY,21,HICKMAN,105
SOUTH CAROLINA,45,WILLIAMSBURG,089
INDIANA,18,GIBSON,051
MISSISSIPPI,28,RANKIN,121
NORTH CAROLINA,37,EDGECOMBE,065
MINNESOTA,27,POLK,119
SOUTH DAKOTA,46,AURORA,003
NEW YORK,36,MADISON,053
TEXAS,48,LIMESTONE,293
KENTUCKY,21,TRIGG,221
NEBRASKA,31,STANTON,167
PENNSYLVANIA,42,BEAVER,007
NORTH DAKOTA,38,PEMBINA,067
IOWA,19,BLACK HAWK,013
KANSAS,20,MITCHELL,123
IOWA,19,APPANOOSE,007
NORTH DAKOTA,38,EDDY,027
OHIO,39,HARDIN,065
MINNESOTA,27,POPE,121
GEORGIA,13,DECATUR,087
TENNESSEE,47,CANNON,015
INDIANA,18,SULLIVAN,153
NORTH CAROLINA,37,TYRRELL,177
MISSISSIPPI,28,PONTOTOC,115
MINNESOTA,27,TRAVERSE,155
TENNESSEE,47,ROBERTSON,147
TEXAS,48,PARMER,369
INDIANA,18,SCOTT,143
MISSOURI,29,HOWARD,089
IOWA,19,O BRIEN,141
IOWA,19,WRIGHT,197
KENTUCKY,21,ADAIR,001
OHIO,39,SCIOTO,145
NORTH CAROLINA,37,RANDOLPH,151
CALIFORNIA,06,SOLANO,095
GEORGIA,13,BURKE,033
INDIANA,18,FULTON,049
KANSAS,20,WOODSON,207
ILLINOIS,17,SANGAMON,167
MISSISSIPPI,28,HINDS,049
ILLINOIS,17,CRAWFORD,033
NEBRASKA,31,GARDEN,069
NEBRASKA,31,DEUEL,049
ALABAMA,01,TALLADEGA,121
SOUTH DAKOTA,46,HAAKON,055
IOWA,19,DICKINSON,059
MINNESOTA,27,CLAY,027
ARKANSAS,05,JEFFERSON,069
NEW YORK,36,WYOMING,121
SOUTH DAKOTA,46,LYMAN,085
PENNSYLVANIA,42,LYCOMING,081
SOUTH DAKOTA,46,CORSON,031
TEXAS,48,COCHRAN,079
OHIO,39,DEFIANCE,039
NEW YORK,36,HERKIMER,043
ILLINOIS,17,GRUNDY,063
KANSAS,20,FRANKLIN,059
MISSISSIPPI,28,HOLMES,051
KANSAS,20,CHASE,017
TENNESSEE,47,OBION,131
NORTH DAKOTA,38,MORTON,059
ALABAMA,01,COLBERT,033
INDIANA,18,MADISON,095
IOWA,19,JEFFERSON,101
MINNESOTA,27,STEELE,147
IOWA,19,JACKSON,097
MICHIGAN,26,MONROE,115
WISCONSIN,55,TREMPEALEAU,121
NEW YORK,36,GENESEE,037
NORTH DAKOTA,38,MERCER,057
WISCONSIN,55,OCONTO,083
MONTANA,30,TREASURE,103
MINNESOTA,27,NICOLLET,103
MINNESOTA,27,HENNEPIN,053
IOWA,19,CASS,029
NEBRASKA,31,SIOUX,165
KANSAS,20,GOVE,063
MINNESOTA,27,KANABEC,065
KENTUCKY,21,BOYLE,021
SOUTH DAKOTA,46,BRULE,015
WYOMING,56,LARAMIE,021
INDIANA,18,DECATUR,031
OHIO,39,WILLIAMS,171
NORTH CAROLINA,37,PERSON,145
IOWA,19,MAHASKA,123
ARKANSAS,05,CONWAY,029
IOWA,19,WINNESHIEK,191
KANSAS,20,LINN,107
IOWA,19,MADISON,121
NEW YORK,36,WASHINGTON,115
INDIANA,18,UNION,161
NEW YORK,36,SARATOGA,091
ILLINOIS,17,WILLIAMSON,199
MICHIGAN,26,IOSCO,069
VIRGINIA,51,CAROLINE,033
OHIO,39,LOGAN,091
SOUTH DAKOTA,46,HANSON,061
VIRGINIA,51,CHESAPEAKE CITY,550
NEW YORK,36,CHAUTAUQUA,013
KENTUCKY,21,CRITTENDEN,055
ILLINOIS,17,MCLEAN,113
NEBRASKA,31,LINCOLN,111
PENNSYLVANIA,42,CENTRE,027
INDIANA,18,CLINTON,023
IOWA,19,HANCOCK,081
MINNESOTA,27,FILLMORE,045
MINNESOTA,27,NOBLES,105
PENNSYLVANIA,42,COLUMBIA,037
COLORADO,08,ADAMS,001
KANSAS,20,LANE,101
MISSOURI,29,CHARITON,041
NORTH CAROLINA,37,DUPLIN,061
INDIANA,18,ADAMS,001
PENNSYLVANIA,42,FAYETTE,051
INDIANA,18,MARSHALL,099
WISCONSIN,55,FOND DU LAC,039
INDIANA,18,PUTNAM,133
MICHIGAN,26,IONIA,067
PENNSYLVANIA,42,ARMSTRONG,005
NORTH CAROLINA,37,DAVIE,059
GEORGIA,13,BERRIEN,019
IDAHO,16,LINCOLN,063
KANSAS,20,OSAGE,139
PENNSYLVANIA,42,CHESTER,029
IOWA,19,LEE,111
NEBRASKA,31,NUCKOLLS,129
KENTUCKY,21,FAYETTE,067
TEXAS,48,CORYELL,099
TEXAS,48,OCHILTREE,357
ILLINOIS,17,MACON,115
COLORADO,08,LINCOLN,073
LOUISIANA,22,AVOYELLES,009
MICHIGAN,26,ALPENA,007
NORTH CAROLINA,37,CRAVEN,049
ILLINOIS,17,LA SALLE,099
MINNESOTA,27,GRANT,051
MISSISSIPPI,28,PRENTISS,117
PENNSYLVANIA,42,WESTMORELAND,129
GEORGIA,13,SEMINOLE,253
ARKANSAS,05,WOODRUFF,147
PENNSYLVANIA,42,LANCASTER,071
NEBRASKA,31,GARFIELD,071
PENNSYLVANIA,42,SOMERSET,111
KANSAS,20,OSBORNE,141
MARYLAND,24,CAROLINE,011
OHIO,39,DARKE,037
INDIANA,18,PIKE,125
NORTH CAROLINA,37,PAMLICO,137
MINNESOTA,27,DAKOTA,037
MINNESOTA,27,OTTER TAIL,111
INDIANA,18,MONROE,105
WISCONSIN,55,ROCK,105
KENTUCKY,21,UNION,225
KANSAS,20,CHEYENNE,023
MARYLAND,24,HARFORD,025
MISSOURI,29,COOPER,053
CALIFORNIA,06,SUTTER,101
VIRGINIA,51,GREENSVILLE,081
TEXAS,48,SAN PATRICIO,409
IOWA,19,HAMILTON,079
NORTH DAKOTA,38,KIDDER,043
IOWA,19,BOONE,015
NEBRASKA,31,FRONTIER,063
ILLINOIS,17,CUMBERLAND,035
TEXAS,48,VICTORIA,469
NEBRASKA,31,DOUGLAS,055
WISCONSIN,55,SHEBOYGAN,117
IOWA,19,DUBUQUE,061
WISCONSIN,55,BROWN,009
KANSAS,20,ANDERSON,003
MICHIGAN,26,ISABELLA,073
MINNESOTA,27,MARSHALL,089
WISCONSIN,55,BARRON,005
ILLINOIS,17,LAKE,097
NEW JERSEY,34,WARREN,041
OHIO,39,ASHTABULA,007
NEBRASKA,31,GAGE,067
MINNESOTA,27,JACKSON,063
MICHIGAN,26,OCEANA,127
MICHIGAN,26,GENESEE,049
OKLAHOMA,40,MUSKOGEE,101
INDIANA,18,ST. JOSEPH,141
MISSOURI,29,SULLIVAN,211
NORTH DAKOTA,38,OLIVER,065
KENTUCKY,21,MARION,155
MISSOURI,29,HENRY,083
IOWA,19,KOSSUTH,109
NEW JERSEY,34,GLOUCESTER,015
MARYLAND,24,MONTGOMERY,031
PENNSYLVANIA,42,ERIE,049
INDIANA,18,PORTER,127
MISSOURI,29,STODDARD,207
KENTUCKY,21,MEADE,163
SOUTH DAKOTA,46,PENNINGTON,103
VIRGINIA,51,PRINCE GEORGE,149
NORTH CAROLINA,37,DAVIDSON,057
NEBRASKA,31,BOONE,011
ILLINOIS,17,KANKAKEE,091
KENTUCKY,21,MCCRACKEN,145
MICHIGAN,26,PRESQUE ISLE,141
VIRGINIA,51,AMELIA,007
ILLINOIS,17,BUREAU,011
KENTUCKY,21,MONROE,171
NEBRASKA,31,DODGE,053
COLORADO,08,PHILLIPS,095
NEBRASKA,31,SHERMAN,163
SOUTH DAKOTA,46,HUTCHINSON,067
ARKANSAS,05,LINCOLN,079
MONTANA,30,CARBON,009
ILLINOIS,17,MENARD,129
NEW YORK,36,LIVINGSTON,051
ILLINOIS,17,MORGAN,137
INDIANA,18,JAY,075
ILLINOIS,17,PUTNAM,155
KANSAS,20,CHEROKEE,021
VIRGINIA,51,ROCKINGHAM,165
NORTH CAROLINA,37,UNION,179
MISSOURI,29,HOLT,087
MINNESOTA,27,CROW WING,035
WISCONSIN,55,SAWYER,113
MINNESOTA,27,HOUSTON,055
INDIANA,18,BARTHOLOMEW,005
SOUTH DAKOTA,46,BUFFALO,017
PENNSYLVANIA,42,BERKS,011
NEBRASKA,31,MADISON,119
ILLINOIS,17,MONROE,133
MINNESOTA,27,BELTRAMI,007
KENTUCKY,21,BOURBON,017
TEXAS,48,LIPSCOMB,295
WISCONSIN,55,JACKSON,053
PENNSYLVANIA,42,DAUPHIN,043
IOWA,19,BUTLER,023
GEORGIA,13,BLECKLEY,023
INDIANA,18,ELKHART,039
KANSAS,20,DECATUR,039
IDAHO,16,PAYETTE,075
OHIO,39,JACKSON,079
CALIFORNIA,06,KINGS,031
SOUTH CAROLINA,45,CLARENDON,027
INDIANA,18,WARREN,171
KANSAS,20,LABETTE,099
TEXAS,48,CASTRO,069
PENNSYLVANIA,42,CAMBRIA,021
NEW YORK,36,JEFFERSON,045
IOWA,19,PLYMOUTH,149
SOUTH DAKOTA,46,DEUEL,039
ILLINOIS,17,BOND,005
WISCONSIN,55,OZAUKEE,089
ILLINOIS,17,POPE,151
KANSAS,20,STANTON,187
CALIFORNIA,06,SAN JOAQUIN,077
INDIANA,18,NOBLE,113
MISSISSIPPI,28,TUNICA,143
COLORADO,08,BENT,011
TEXAS,48,DALLAM,111
MISSISSIPPI,28,TALLAHATCHIE,135
IOWA,19,CRAWFORD,047
MISSOURI,29,MORGAN,141
NORTH CAROLINA,37,NORTHAMPTON,131
KENTUCKY,21,LIVINGSTON,139
IOWA,19,HARDIN,083
OHIO,39,MORROW,117
MISSOURI,29,BENTON,015
ILLINOIS,17,OGLE,141
TEXAS,48,FAYETTE,149
ILLINOIS,17,DE KALB,037
VIRGINIA,51,SOUTHAMPTON,175
WISCONSIN,55,IOWA,049
NORTH DAKOTA,38,RANSOM,073
GEORGIA,13,COLQUITT,071
MISSISSIPPI,28,SHARKEY,125
IOWA,19,HUMBOLDT,091
ALABAMA,01,ESCAMBIA,053
TEXAS,48,DELTA,119
MISSOURI,29,LAFAYETTE,107
ARKANSAS,05,CRITTENDEN,035
MISSOURI,29,JASPER,097
MISSOURI,29,SCOTLAND,199
MISSOURI,29,WARREN,219
KANSAS,20,BROWN,013
IOWA,19,MARION,125
MICHIGAN,26,TUSCOLA,157
VIRGINIA,51,SURRY,181
TENNESSEE,47,GILES,055
OHIO,39,COSHOCTON,031
INDIANA,18,HARRISON,061
INDIANA,18,HENDRICKS,063
ILLINOIS,17,STEPHENSON,177
KENTUCKY,21,HENRY,103
TENNESSEE,47,LAWRENCE,099
TEXAS,48,FANNIN,147
NORTH DAKOTA,38,FOSTER,031
OHIO,39,KNOX,083
MINNESOTA,27,ISANTI,059
WYOMING,56,PLATTE,031
ILLINOIS,17,JASPER,079
KANSAS,20,PAWNEE,145
KANSAS,20,SHAWNEE,177
NORTH CAROLINA,37,BLADEN,017
ILLINOIS,17,PULASKI,153
SOUTH DAKOTA,46,PERKINS,105
MISSISSIPPI,28,CARROLL,015
GEORGIA,13,BULLOCH,031
MISSOURI,29,HARRISON,081
MINNESOTA,27,MURRAY,101
TENNESSEE,47,RUTHERFORD,149
WISCONSIN,55,ADAMS,001
NEBRASKA,31,WEBSTER,181
SOUTH DAKOTA,46,SANBORN,111
SOUTH DAKOTA,46,MINNEHAHA,099
MISSOURI,29,PLATTE,165
TENNESSEE,47,BEDFORD,003
IOWA,19,CHICKASAW,037
INDIANA,18,PERRY,123
OHIO,39,FAYETTE,047
KANSAS,20,COFFEY,031
SOUTH DAKOTA,46,DEWEY,041
IDAHO,16,OWYHEE,073
MINNESOTA,27,KANDIYOHI,067
TENNESSEE,47,BENTON,005
LOUISIANA,22,TENSAS,107
MARYLAND,24,CECIL,015
VIRGINIA,51,VIRGINIA BEACH CITY,810
OHIO,39,CLERMONT,025
NEBRASKA,31,KIMBALL,105
NEBRASKA,31,VALLEY,175
WISCONSIN,55,JEFFERSON,055
OHIO,39,HENRY,069
KANSAS,20,JOHNSON,091
WISCONSIN,55,KENOSHA,059
NEBRASKA,31,COLFAX,037
LOUISIANA,22,EAST CARROLL,035
TEXAS,48,BEE,025
OKLAHOMA,40,SEQUOYAH,135
VIRGINIA,51,FRANKLIN,067
PENNSYLVANIA,42,YORK,133
INDIANA,18,FAYETTE,041
KANSAS,20,SHERMAN,181
WISCONSIN,55,BUFFALO,011
MICHIGAN,26,LIVINGSTON,093
SOUTH DAKOTA,46,TRIPP,123
ILLINOIS,17,SHELBY,173
SOUTH DAKOTA,46,ROBERTS,109
TEXAS,48,HIDALGO,215
NEW YORK,36,STEUBEN,101
MINNESOTA,27,BIG STONE,011
NORTH CAROLINA,37,STANLY,167
ILLINOIS,17,GALLATIN,059
OHIO,39,UNION,159
MICHIGAN,26,MISSAUKEE,113
KENTUCKY,21,NELSON,179
IOWA,19,DALLAS,049
MISSOURI,29,KNOX,103
ILLINOIS,17,BOONE,007
OHIO,39,BROWN,015
MINNESOTA,27,SWIFT,151
NEW MEXICO,35,SAN JUAN,045
NORTH CAROLINA,37,FRANKLIN,069
SOUTH DAKOTA,46,FAULK,049
INDIANA,18,WELLS,179
INDIANA,18,LA PORTE,091
NEBRASKA,31,GOSPER,073
INDIANA,18,MIAMI,103
NORTH CAROLINA,37,YADKIN,197
MINNESOTA,27,SHERBURNE,141
INDIANA,18,JOHNSON,081
INDIANA,18,HOWARD,067
ILLINOIS,17,EFFINGHAM,049
WISCONSIN,55,TAYLOR,119
KANSAS,20,MARSHALL,117
MISSISSIPPI,28,LEFLORE,083
NEBRASKA,31,KEITH,101
TEXAS,48,WILSON,493
TENNESSEE,47,MONROE,123
IOWA,19,JONES,105
TEXAS,48,LAMAR,277
TEXAS,48,HOCKLEY,219
NORTH DAKOTA,38,SHERIDAN,083
NEBRASKA,31,HITCHCOCK,087
NEW YORK,36,RENSSELAER,083
KANSAS,20,MCPHERSON,113
NEW YORK,36,CATTARAUGUS,009
TENNESSEE,47,HUMPHREYS,085
NEBRASKA,31,KEARNEY,099
VIRGINIA,51,KING WILLIAM,101
IOWA,19,GUTHRIE,077
MINNESOTA,27,FREEBORN,047
MICHIGAN,26,NEWAYGO,123
INDIANA,18,JEFFERSON,077
SOUTH DAKOTA,46,BROWN,013
NEBRASKA,31,SAUNDERS,155
KANSAS,20,LYON,111
OKLAHOMA,40,MAJOR,093
MISSOURI,29,BARRY,009
MISSOURI,29,NEW MADRID,143
MISSOURI,29,PIKE,163
MINNESOTA,27,TODD,153
GEORGIA,13,GRADY,131
MISSOURI,29,CALLAWAY,027
TENNESSEE,47,WEAKLEY,183
ILLINOIS,17,FAYETTE,051
MISSISSIPPI,28,ITAWAMBA,057
IOWA,19,SIOUX,167
NEBRASKA,31,YORK,185
IOWA,19,LINN,113
WISCONSIN,55,DUNN,033
MICHIGAN,26,GRAND TRAVERSE,055
GEORGIA,13,LEE,177
VIRGINIA,51,NEW KENT,127
OHIO,39,TRUMBULL,155
OHIO,39,MIAMI,109
MISSOURI,29,FRANKLIN,071
NEBRASKA,31,PERKINS,135
MISSOURI,29,DE KALB,063
OKLAHOMA,40,CRAIG,035
SOUTH DAKOTA,46,DAVISON,035
MISSISSIPPI,28,TIPPAH,139
PENNSYLVANIA,42,SCHUYLKILL,107
OHIO,39,MADISON,097
ILLINOIS,17,WOODFORD,203
WISCONSIN,55,WINNEBAGO,139
VIRGINIA,51,ORANGE,137
MINNESOTA,27,STEARNS,145
TENNESSEE,47,SUMNER,165
MICHIGAN,26,WASHTENAW,161
INDIANA,18,BLACKFORD,009
WISCONSIN,55,BURNETT,013
SOUTH DAKOTA,46,DAY,037
MISSOURI,29,PETTIS,159
MINNESOTA,27,CLEARWATER,029
MICHIGAN,26,SAGINAW,145
NORTH DAKOTA,38,GRANT,037
NEBRASKA,31,CLAY,035
NORTH DAKOTA,38,EMMONS,029
MICHIGAN,26,KALAMAZOO,077
TENNESSEE,47,LINCOLN,103
INDIANA,18,JENNINGS,079
ARKANSAS,05,DESHA,041
INDIANA,18,TIPTON,159
MICHIGAN,26,ALLEGAN,005
UTAH,49,UTAH,049
KANSAS,20,SEDGWICK,173
MISSOURI,29,GENTRY,075
NORTH DAKOTA,38,MCINTOSH,051
MISSISSIPPI,28,MARSHALL,093
MINNESOTA,27,WADENA,159
NEBRASKA,31,HOLT,089
MICHIGAN,26,MENOMINEE,109
ARKANSAS,05,INDEPENDENCE,063
KENTUCKY,21,SPENCER,215
MICHIGAN,26,MONTCALM,117
UTAH,49,BOX ELDER,003
NEW YORK,36,WAYNE,117
NORTH CAROLINA,37,MARTIN,117
MINNESOTA,27,RED LAKE,125
OHIO,39,BUTLER,017
TEXAS,48,CALHOUN,057
COLORADO,08,KIT CARSON,063
LOUISIANA,22,SAINT LANDRY,097
IDAHO,16,GOODING,047
VIRGINIA,51,CULPEPER,047
NORTH CAROLINA,37,ROCKINGHAM,157
GEORGIA,13,SCREVEN,251
SOUTH DAKOTA,46,ZIEBACH,137
GEORGIA,13,TOOMBS,279
MONTANA,30,CUSTER,017
NORTH CAROLINA,37,SCOTLAND,165
ILLINOIS,17,RANDOLPH,157
COLORADO,08,WELD,123
SOUTH CAROLINA,45,BAMBERG,009
MINNESOTA,27,MAHNOMEN,087
NEW YORK,36,COLUMBIA,021
NEBRASKA,31,BUFFALO,019
NEBRASKA,31,CASS,025
NEBRASKA,31,CHERRY,031
KANSAS,20,HAMILTON,075
MINNESOTA,27,CARVER,019
OHIO,39,HAMILTON,061
IOWA,19,LOUISA,115
SOUTH DAKOTA,46,DOUGLAS,043
IOWA,19,RINGGOLD,159
ILLINOIS,17,FULTON,057
NORTH DAKOTA,38,GRAND FORKS,035
KANSAS,20,CLAY,027
GEORGIA,13,LAURENS,175
GEORGIA,13,WORTH,321
WISCONSIN,55,GRANT,043
MICHIGAN,26,HILLSDALE,059
WYOMING,56,WASHAKIE,043
KANSAS,20,SHERIDAN,179
MISSOURI,29,MONTGOMERY,139
ILLINOIS,17,PEORIA,143
WISCONSIN,55,KEWAUNEE,061
ILLINOIS,17,MADISON,119
IOWA,19,PAGE,145
OHIO,39,LICKING,089
MISSOURI,29,GASCONADE,073
INDIANA,18,DEARBORN,029
IOWA,19,FAYETTE,065
KANSAS,20,GRAY,069
NORTH CAROLINA,37,ORANGE,135
MISSOURI,29,CALDWELL,025
MISSOURI,29,LAWRENCE,109
MINNESOTA,27,DOUGLAS,041
MISSISSIPPI,28,WARREN,149
ARIZONA,04,COCHISE,003
ILLINOIS,17,CLARK,023
ILLINOIS,17,SALINE,165
VIRGINIA,51,SUSSEX,183
OKLAHOMA,40,CIMARRON,025
ILLINOIS,17,DE WITT,039
WASHINGTON,53,FRANKLIN,021
IOWA,19,CLARKE,039
IOWA,19,POLK,153
SOUTH DAKOTA,46,CLAY,027
MISSOURI,29,JOHNSON,101
IOWA,19,ADAIR,001
KANSAS,20,BUTLER,015
MINNESOTA,27,MOWER,099
NORTH DAKOTA,38,BURLEIGH,015
INDIANA,18,RANDOLPH,135
OHIO,39,AUGLAIZE,011
KANSAS,20,MARION,115
ILLINOIS,17,MCDONOUGH,109
ILLINOIS,17,CLAY,025
NEBRASKA,31,LOUP,115
ILLINOIS,17,SCOTT,171
KANSAS,20,HODGEMAN,083
OHIO,39,ERIE,043
ILLINOIS,17,DOUGLAS,041
INDIANA,18,HAMILTON,057
INDIANA,18,OWEN,119
LOUISIANA,22,WEST CARROLL,123
GEORGIA,13,DOOLY,093
TEXAS,48,BURLESON,051
ILLINOIS,17,ALEXANDER,003
LOUISIANA,22,MOREHOUSE,067
KENTUCKY,21,LYON,143
TEXAS,48,MEDINA,325
MINNESOTA,27,OLMSTED,109
NEBRASKA,31,BANNER,007
VIRGINIA,51,NORTHUMBERLAND,133
KENTUCKY,21,WEBSTER,233
TENNESSEE,47,SHELBY,157
TENNESSEE,47,DYER,045
CALIFORNIA,06,GLENN,021
MINNESOTA,27,LE SUEUR,079
NORTH CAROLINA,37,WAYNE,191
NEBRASKA,31,HARLAN,083
KANSAS,20,WICHITA,203
IOWA,19,PALO ALTO,147
INDIANA,18,WARRICK,173
KENTUCKY,21,GRAVES,083
NORTH CAROLINA,37,ROWAN,159
WISCONSIN,55,DODGE,027
IOWA,19,OSCEOLA,143
IOWA,19,AUDUBON,009
IOWA,19,WINNEBAGO,189
NEW JERSEY,34,BURLINGTON,005
MISSOURI,29,CLAY,047
MISSOURI,29,OSAGE,151
KANSAS,20,ATCHISON,005
OHIO,39,HANCOCK,063
NEBRASKA,31,SARPY,153
VIRGINIA,51,ESSEX,057
MICHIGAN,26,BERRIEN,021
MISSOURI,29,LEWIS,111
NORTH CAROLINA,37,CURRITUCK,053
MICHIGAN,26,CLINTON,037
TEXAS,48,WHARTON,481
TENNESSEE,47,MCNAIRY,109
TEXAS,48,BAILEY,017
VIRGINIA,51,HANOVER,085
PENNSYLVANIA,42,CRAWFORD,039
MARYLAND,24,CHARLES,017
NEW YORK,36,NIAGARA,063
TEXAS,48,GRAY,179
VIRGINIA,51,MADISON,113
COLORADO,08,MONTROSE,085
TEXAS,48,COLORADO,089
MINNESOTA,27,CHISAGO,025
GEORGIA,13,PIERCE,229
TEXAS,48,SHERMAN,421
ARKANSAS,05,CROSS,037
NORTH DAKOTA,38,MCHENRY,049
MICHIGAN,26,BAY,017
OHIO,39,WARREN,165
OHIO,39,MUSKINGUM,119
LOUISIANA,22,FRANKLIN,041
SOUTH DAKOTA,46,BEADLE,005
KANSAS,20,RICE,159
VIRGINIA,51,KING AND QUEEN,097
ILLINOIS,17,UNION,181
TENNESSEE,47,HENDERSON,077
ARKANSAS,05,CLAY,021
MISSISSIPPI,28,DE SOTO,033
GEORGIA,13,COFFEE,069
INDIANA,18,MONTGOMERY,107
KANSAS,20,WABAUNSEE,197
ARKANSAS,05,MISSISSIPPI,093
ILLINOIS,17,WARREN,187
NORTH DAKOTA,38,CASS,017
ILLINOIS,17,LAWRENCE,101
TENNESSEE,47,DECATUR,039
MICHIGAN,26,GRATIOT,057
INDIANA,18,BENTON,007
KANSAS,20,GRANT,067
SOUTH CAROLINA,45,HAMPTON,049
WASHINGTON,53,GRANT,025
IOWA,19,HENRY,087
DELAWARE,10,KENT,001
PENNSYLVANIA,42,CUMBERLAND,041
IOWA,19,SCOTT,163
ARKANSAS,05,PHILLIPS,107
NORTH CAROLINA,37,WASHINGTON,187
ILLINOIS,17,CHAMPAIGN,019
NORTH DAKOTA,38,BENSON,005
OHIO,39,GEAUGA,055
ILLINOIS,17,ST CLAIR,163
TENNESSEE,47,FAYETTE,047
NEW YORK,36,CAYUGA,011
GEORGIA,13,TERRELL,273
KENTUCKY,21,TAYLOR,217
MISSISSIPPI,28,SUNFLOWER,133
MISSOURI,29,NEWTON,145
VIRGINIA,51,NORTHAMPTON,131
KENTUCKY,21,CASEY,045
COLORADO,08,WASHINGTON,121
IOWA,19,TAYLOR,173
SOUTH DAKOTA,46,YANKTON,135
IOWA,19,BREMER,017
INDIANA,18,VERMILLION,165
IOWA,19,GREENE,073
ILLINOIS,17,MACOUPIN,117
IDAHO,16,GEM,045
INDIANA,18,BOONE,011
MINNESOTA,27,PINE,115
KANSAS,20,RAWLINS,153
MISSISSIPPI,28,COAHOMA,027
WISCONSIN,55,VERNON,123
IOWA,19,HOWARD,089
ILLINOIS,17,CASS,017
INDIANA,18,MORGAN,109
MISSOURI,29,DADE,057
INDIANA,18,PULASKI,131
ILLINOIS,17,BROWN,009
IOWA,19,TAMA,171
DELAWARE,10,SUSSEX,005
MINNESOTA,27,MORRISON,097
INDIANA,18,CASS,017
GEORGIA,13,EMANUEL,107
INDIANA,18,WASHINGTON,175
OKLAHOMA,40,MCCLAIN,087
MICHIGAN,26,LENAWEE,091
NEW MEXICO,35,ROOSEVELT,041
INDIANA,18,MARION,097
MISSOURI,29,LIVINGSTON,117
WISCONSIN,55,WOOD,141
ALABAMA,01,CHEROKEE,019
WISCONSIN,55,RICHLAND,103
MICHIGAN,26,EATON,045
NORTH CAROLINA,37,BEAUFORT,013
NEW YORK,36,LEWIS,049
ILLINOIS,17,JEFFERSON,081
MISSOURI,29,WORTH,227
COLORADO,08,LARIMER,069
TEXAS,48,WILLIAMSON,491
ILLINOIS,17,HANCOCK,067
SOUTH CAROLINA,45,LEE,061
WISCONSIN,55,PEPIN,091
ILLINOIS,17,FRANKLIN,055
NEW JERSEY,34,HUNTERDON,019
MICHIGAN,26,MECOSTA,107
WYOMING,56,GOSHEN,015
IOWA,19,MONROE,135
TEXAS,48,HUTCHINSON,233
KENTUCKY,21,WAYNE,231
PENNSYLVANIA,42,CLINTON,035
TENNESSEE,47,COFFEE,031
WISCONSIN,55,SAUK,111
ALABAMA,01,MARSHALL,095
TENNESSEE,47,TIPTON,167
NORTH CAROLINA,37,JONES,103
WISCONSIN,55,MARQUETTE,077
MISSISSIPPI,28,UNION,145
OKLAHOMA,40,TEXAS,139
NEW YORK,36,OSWEGO,075
SOUTH CAROLINA,45,DORCHESTER,035
SOUTH CAROLINA,45,MARLBORO,069
KANSAS,20,ELK,049
OHIO,39,WYANDOT,175
NEBRASKA,31,WAYNE,179
PENNSYLVANIA,42,ADAMS,001
ILLINOIS,17,FORD,053
LOUISIANA,22,RAPIDES,079
WISCONSIN,55,WAUKESHA,133
MINNESOTA,27,NORMAN,107
KANSAS,20,POTTAWATOMIE,149
MINNESOTA,27,BENTON,009
VIRGINIA,51,SHENANDOAH,171
GEORGIA,13,CALHOUN,037
ARKANSAS,05,CRAIGHEAD,031
NORTH CAROLINA,37,HARNETT,085
IDAHO,16,ADA,001
MICHIGAN,26,SANILAC,151
WISCONSIN,55,WASHBURN,129
NEBRASKA,31,KNOX,107
MISSOURI,29,BOONE,019
ARKANSAS,05,LITTLE RIVER,081
NEBRASKA,31,LANCASTER,109
NEW YORK,36,MONTGOMERY,057
NEBRASKA,31,FILLMORE,059
KENTUCKY,21,CARLISLE,039
PENNSYLVANIA,42,FRANKLIN,055
KANSAS,20,SEWARD,175
KENTUCKY,21,HOPKINS,107
OHIO,39,PICKAWAY,129
NORTH CAROLINA,37,PASQUOTANK,139
NORTH CAROLINA,37,CABARRUS,025
ILLINOIS,17,CHRISTIAN,021
IOWA,19,FLOYD,067
MICHIGAN,26,ST JOSEPH,149
MINNESOTA,27,BROWN,015
NEBRASKA,31,THAYER,169
MINNESOTA,27,GOODHUE,049
NORTH DAKOTA,38,NELSON,063
MICHIGAN,26,JACKSON,075
SOUTH DAKOTA,46,HYDE,069
NORTH CAROLINA,37,PITT,147
WYOMING,56,BIG HORN,003
TEXAS,48,BRAZORIA,039
IOWA,19,CHEROKEE,035
SOUTH DAKOTA,46,HAND,059
KANSAS,20,THOMAS,193
NEW MEXICO,35,UNION,059
NORTH DAKOTA,38,DICKEY,021
INDIANA,18,DAVIESS,027
NEBRASKA,31,HAYES,085
MICHIGAN,26,INGHAM,065
IOWA,19,ALLAMAKEE,005
MISSISSIPPI,28,YAZOO,163
SOUTH DAKOTA,46,GREGORY,053
IOWA,19,CERRO GORDO,033
ARKANSAS,05,ASHLEY,003
NORTH CAROLINA,37,CAMDEN,029
MICHIGAN,26,MIDLAND,111
TEXAS,48,MILAM,331
VIRGINIA,51,ISLE OF WIGHT,093
IOWA,19,SAC,161
ALABAMA,01,DALLAS,047
MISSOURI,29,CLARK,045
NEW YORK,36,CLINTON,019
IOWA,19,BUCHANAN,019
TENNESSEE,47,MAURY,119
ARKANSAS,05,POINSETT,111
NORTH CAROLINA,37,CHOWAN,041
MISSOURI,29,BUCHANAN,021
MINNESOTA,27,HUBBARD,057
OHIO,39,SENECA,147
TEXAS,48,FALLS,145
MICHIGAN,26,CASS,027
OHIO,39,MARION,101
OHIO,39,LUCAS,095
IOWA,19,DECATUR,053
MISSOURI,29,LINN,115
COLORADO,08,ELBERT,039
MINNESOTA,27,BLUE EARTH,013
WISCONSIN,55,MARATHON,073
LOUISIANA,22,MADISON,065
NORTH DAKOTA,38,MCLEAN,055
KENTUCKY,21,BARREN,009
IOWA,19,IDA,093
IOWA,19,VAN BUREN,177
PENNSYLVANIA,42,JEFFERSON,065
MISSOURI,29,ADAIR,001
MINNESOTA,27,LINCOLN,081
ILLINOIS,17,LEE,103
KANSAS,20,COWLEY,035
MINNESOTA,27,MILLE LACS,095
VIRGINIA,51,DINWIDDIE,053
INDIANA,18,WABASH,169
ARKANSAS,05,WHITE,145
MISSOURI,29,CARROLL,033
SOUTH DAKOTA,46,CLARK,025
MINNESOTA,27,RICE,131
SOUTH DAKOTA,46,JONES,075
KENTUCKY,21,OLDHAM,185
CALIFORNIA,06,TULARE,107
LOUISIANA,22,CONCORDIA,029
IOWA,19,CLAYTON,043
INDIANA,18,DUBOIS,037
IOWA,19,DAVIS,051
KENTUCKY,21,WARREN,227
NORTH DAKOTA,38,SIOUX,085
NORTH CAROLINA,37,HYDE,095
IOWA,19,POWESHIEK,157
NORTH DAKOTA,38,RAMSEY,071
LOUISIANA,22,RICHLAND,083
ALABAMA,01,LAWRENCE,079
MARYLAND,24,GARRETT,023
MICHIGAN,26,KENT,081
INDIANA,18,POSEY,129
KANSAS,20,KEARNY,093
MISSISSIPPI,28,NOXUBEE,103
ALABAMA,01,PERRY,105
MISSOURI,29,VERNON,217
TEXAS,48,MCLENNAN,309
VIRGINIA,51,CHARLES CITY,036
IOWA,19,EMMET,063
KENTUCKY,21,HARRISON,097
WISCONSIN,55,CHIPPEWA,017
KENTUCKY,21,CHRISTIAN,047
IOWA,19,MITCHELL,131
PENNSYLVANIA,42,BUCKS,017
OHIO,39,ASHLAND,005
INDIANA,18,WAYNE,177
LOUISIANA,22,NATCHITOCHES,069
WISCONSIN,55,DOOR,029
PENNSYLVANIA,42,LEBANON,075
NORTH CAROLINA,37,SURRY,171
NEBRASKA,31,BOX BUTTE,013
WEST VIRGINIA,54,JEFFERSON,037
NEBRASKA,31,CEDAR,027
IOWA,19,WOODBURY,193
LOUISIANA,22,POINTE COUPEE,077
MISSOURI,29,BARTON,011
IOWA,19,CLINTON,045
COLORADO,08,BACA,009
MARYLAND,24,ANNE ARUNDEL,003
GEORGIA,13,MILLER,201
KANSAS,20,PRATT,151
MINNESOTA,27,ANOKA,003
TENNESSEE,47,HARDEMAN,069
SOUTH DAKOTA,46,SULLY,119
COLORADO,08,SEDGWICK,115
NORTH CAROLINA,37,ONSLOW,133
TENNESSEE,47,HAYWOOD,075
NEBRASKA,31,ANTELOPE,003
GEORGIA,13,MACON,193
GEORGIA,13,TURNER,287
INDIANA,18,LAKE,089
MARYLAND,24,ST MARYS,037
TENNESSEE,47,MONTGOMERY,125
MISSOURI,29,PERRY,157
INDIANA,18,LAWRENCE,093
NEW YORK,36,TIOGA,107
INDIANA,18,ALLEN,003
TEXAS,48,BEXAR,029
SOUTH DAKOTA,46,MELLETTE,095
MICHIGAN,26,BRANCH,023
KANSAS,20,BOURBON,011
KANSAS,20,JEFFERSON,087
MICHIGAN,26,OSCEOLA,133
TEXAS,48,FORT BEND,157
INDIANA,18,JACKSON,071
MINNESOTA,27,MCLEOD,085
MINNESOTA,27,WRIGHT,171
NORTH DAKOTA,38,WALSH,099
OKLAHOMA,40,POTTAWATOMIE,125
IOWA,19,WAYNE,185
OHIO,39,RICHLAND,139
MISSOURI,29,CAPE GIRARDEAU,031
OHIO,39,FRANKLIN,049
TEXAS,48,MOORE,341
PENNSYLVANIA,42,FULTON,057
KANSAS,20,JACKSON,085
KANSAS,20,DONIPHAN,043
SOUTH CAROLINA,45,DARLINGTON,031
PENNSYLVANIA,42,MONTOUR,093
GEORGIA,13,SUMTER,261
OHIO,39,DELAWARE,041
KANSAS,20,WALLACE,199
MISSOURI,29,PUTNAM,171
KENTUCKY,21,FLEMING,069
IDAHO,16,CANYON,027
INDIANA,18,FOUNTAIN,045
WASHINGTON,53,YAKIMA,077
ARKANSAS,05,ARKANSAS,001
DELAWARE,10,NEW CASTLE,003
MINNESOTA,27,MARTIN,091
PENNSYLVANIA,42,BUTLER,019
SOUTH DAKOTA,46,LAKE,079
PENNSYLVANIA,42,LUZERNE,079
OHIO,39,ADAMS,001
MISSOURI,29,COLE,051
OHIO,39,CARROLL,019
NEW MEXICO,35,CURRY,009
COLORADO,08,YUMA,125
OHIO,39,PERRY,127
MICHIGAN,26,ST CLAIR,147